,Unnamed: 0,Pulse,Op.Cam,Time,Exp.Cam,Disruption,Comments
0,0,99957,KLDT-O5WB,48.27347,KLDT-E5WE,57.316,Two UFOs fall from top of machine. Frames 255 and 266.
1,1,99944,KLDT-O5WB,44.208999999999996,KLDT-E5WE,0.0,Bright UFO on the inner upper side of the machine @ frames 154-157.
2,2,99906,KLDT-O5WB,49.10861,KLDT-E5WE,0.0,"small, bright, strand like UFO"
3,3,99882,KLDT-O5WB,42.28373,KLDT-E5WE,49.246,Unusual yellowish explosion probably on the outboard side of the divertor.
4,4,99799,KLDT-O5WB,41.6995,KLDT-E5WE,51.145,Several insignificant-looking UFOs over several frames that MAY have something to do with the MARFE immediately following.
5,5,99784,KLDT-O5WB,42.093999999999994,KLDT-E5WE,56.476,It was noted in the last VSO meeting that the last pulse on the 30th November ended in a disruption with some debris. At the start of this pulsees there is evidence of this debris with blue flashes in the divertor. This was probably the debris from the previous pulse. It didn't affect this pulse too much.
6,6,99720,KLDT-O5WB,40.65645,KLDT-E5WE,0.0,Large UFO fragments near the top of the vessel
7,7,99657,KLDT-O5WB,42.87095,KLDT-E5WE,60.239,Debris in the divertor( probably from the last pulse) caused MARFing behaviour of the plasma. Also visible in KLDTP5WB
8,8,99640,KLDT-O5WB,46.2,KLDT-E5WE,46.377,Frames: 208-211
9,9,99627,KLDT-O5WB,42.262679999999996,KLDT-E5WE,0.0,Several UFOs in divertor. UFOs visible in divertor on KLDT-E5WD throughout pulse.
10,10,99616,KLDT-O5WB,40.64799,KLDT-E5WE,0.0,Just below the UDP
11,11,99608,KLDT-O5WB,40.305479999999996,KLDT-E5WC,52.896,"Some UFOs begin to be seen during breakdown in main chamber, on the WOPL and on the divertor during X-point formation at 42.192s (blue light)"
12,12,99608,KLDT-O5WB,40.305479999999996,KLDT-E5WE,52.896,"Some UFOs begin to be seen during breakdown in main chamber, on the WOPL and on the divertor during X-point formation at 42.192s (blue light)"
13,13,99542,KLDT-O5WB,41.7927,KLDT-E5WE,0.0,At the divertor
14,14,99534,KLDT-O5WB,41.65723,KLDT-E5WE,0.0,UFOs fliying in the divertor.
15,15,99521,KLDT-O5WB,41.66553,KLDT-E5WE,0.0,"Numerous minor UFOs throughout the pulse, visible on Ops Cam."
16,16,99516,KLDT-O5WB,42.299490000000006,KLDT-E5WE,0.0,Relatively bright blue flash in divertor zone.
17,17,99512,KLDT-O5WB,42.00507,KLDT-E5WE,0.0,Multiple UFos in teh divertor and lower part of the main chamber for 7 frames
18,18,99453,KLDT-O5WB,47.328920000000004,KLDT-E5WE,47.409,large number of UFOs in the divertor (frame: 232)
19,19,99337,KLDT-O5WB,42.25205,KLDT-E5WE,0.0,"Small UFOs close to Divertor tile 7/8. More later in the pulse at 47.95 (frame 247) and up to the end of the pulse. Signs of Titanium during pulse. Do not use standard set, but look for T210/T210 on jetdsp."
20,20,99273,KLDT-O5WB,41.637229999999995,KLDT-E5WE,51.326,UFOs near the divertor shortly after the X-point formation
21,21,98895,KLDT-O5WB,48.59859,KLDT-E5WE,53.984,"Lots of UFOs from outer wall, inner wall and upper dump plates"
22,22,98894,KLDT-O5WB,50.14695,KLDT-E5WE,52.651,Large number of UFOS from outer wall and upper dum plates (Frames: 268-315)
23,23,98795,KLDT-O5WB,52.799859999999995,KLDT-E5WE,58.217,Blue UFO near IWGL 3Z. Possibly corroborated by KLDT-E5WD at 52.71s.
24,24,98570,KLDT-O5WB,49.321999999999996,KLDT-E5WE,0.0,Small blue UFO on the divertor also visible in KLDT-E5WD at frame 818 and 823
25,25,98316,KLDT-O5WB,40.26115,KLDT-E5WE,64.677,"UFOS on npl B3. More UFOs @45.27 (frame 181) and lots of them @64.86. I cannot see those last ones on protection cameras, but can see on experiment and 1 small ufo on KL11-P1DB as reported."
26,26,98291,KLDT-O5WB,45.7611,KLDT-E5WE,0.0,"small blue UFO seen around 45.76s and 46.64 s, probably beryllium"
27,27,98190,KLDT-O5WB,50.30672,KLDT-E5WE,0.0,Frames: 306-309. Particles exploding in divertor area
28,28,98186,KLDT-O5WB,45.46594,KLDT-E5WE,48.037,"UFOs lasting several frames. Similar to the one in 98184. Visible on protection camera as well and on KLDT-E5WD in frames 509 and
510. It looks like titanium and berillium from spectroscopy data. Very small spicks."
29,29,98184,KLDT-O5WB,45.26628,KLDT-E5WE,48.038,"UFOs. I think also briefly seen on KLDT-E5WD at 45.18750 and on
Protection camera. It looks like titanium and berillium from spectroscopy data."
30,30,98059,KLDT-O5WB,48.50607,KLDT-E5WE,48.324,UFOs in cleanup pulse
31,31,98052,KLDT-O5WB,40.927,KLDT-E5WE,50.526,Strnage flash during breakdown. Nothing shows up on Spectroscopy
32,32,97893,KLDT-O5WB,48.21869,KLDT-E5WE,0.0,Very bright blue flash on outboard wall.
33,33,97844,KLDT-O5WB,48.183609999999994,KLDT-E5WE,0.0,"Particles on the outboard side, seemingly coming out of NBI, also on a few subsequent frames."
34,34,97815,KLDT-O5WB,42.931779999999996,KLDT-E5WE,0.0,UFOs coming out of the WoPL. Also seen by KLDT-P5WA and KLDT- E5WD.
35,35,97814,KLDT-O5WB,43.21537,KLDT-E5WE,0.0,Slow UFO coming out of the divertor - also seen by KLDT-E5WD with Be II filter
36,36,97799,KLDT-O5WB,0.0,KLDT-E5WC,0.0,I ahve lost count of all the UFOs I have seen. Last pulse of the session i am going home.
37,37,97799,KLDT-O5WB,0.0,KLDT-E5WD,0.0,I ahve lost count of all the UFOs I have seen. Last pulse of the session i am going home.
38,38,97763,KLDT-O5WB,50.40415,KLDT-E5WE,51.59,Large bright spot on Outer Limiter. May coincide with UFO seen by KLDT-P5WA at 50.34824s
39,39,97717,KLDT-O5WB,47.29207,KLDT-E5WE,0.0,Unusual UFO in divertor zone
40,40,97696,KLDT-O5WB,52.061859999999996,KLDT-E5WE,0.0,Debris from RF antenna
41,41,97693,KLDT-O5WB,48.74175,KLDT-E5WE,0.0,Blue flash on outer limiter
42,42,97677,KLDT-O5WB,48.5857,KLDT-E5WE,0.0,Probably Ni coming down from REION plate
43,43,97676,KLDT-O5WB,48.5891,KLDT-E5WE,0.0,Some blue lights seen for almost one second in few places
44,44,97675,KLDT-O5WB,48.57458,KLDT-E5WE,0.0,Blue light comes from the WOPL
45,45,97616,KLDT-O5WB,43.928490000000004,KLDT-E5WE,43.917,UFOs for several frames. Reported to SL. Also seen on KLDT-E5WD starting at 43.825
46,46,97588,KLDT-O5WB,42.29,KLDT-E5WE,0.0,Lot's of UFOs seen close to the inner wall and divertor and some on the outer wall close to the antenna
47,47,97566,KLDT-O5WB,40.282109999999996,KLDT-E5WC,0.0,Impressive UFO from outer wall lasting several frames. Also seen on KLDT-E5WD from 40.20 seconds. It looks like Titanium + Iron from spectrocopy. Also checked with DC.
48,48,97517,KLDT-O5WB,48.60557,KLDT-E5WE,0.0,"Multiple UFOs close to 4D limiter, possibly coming out of NBI. Nothing noticeable in spectroscopy."
49,49,97461,KLDT-O5WB,44.588879999999996,KLDT-E5WE,0.0,Bright flash at the top inboard part of the chamber.
50,50,97425,KLDT-O5WB,41.88152,KLDT-E5WE,0.0,UFO in one frame in the diverotr
51,51,97116,KLDT-O5WB,50.367129999999996,KLDT-E5WE,0.0,UFO's coming from WOPL seen also by KLDT-E5WD
52,52,97116,KLDT-O5WB,40.27918,KLDT-E5WC,0.0,Small UFO dropping down from npl seen also by KLDT-E5WD
53,53,97116,KLDT-O5WB,40.27918,KLDT-E5WE,0.0,Small UFO dropping down from npl seen also by KLDT-E5WD
54,54,97115,KLDT-O5WB,40.48728,KLDT-E5WC,0.0,"Lots of UFO from WOPL seen also by KLDT-P5WA, KL11-P1DB and KLDT-E5WD."
55,55,97115,KLDT-O5WB,40.48728,KLDT-E5WE,0.0,"Lots of UFO from WOPL seen also by KLDT-P5WA, KL11-P1DB and KLDT-E5WD."
56,56,97106,KLDT-O5WB,52.486430000000006,KLDT-E5WE,57.126,UFOs from WOPL. Seen just for one frame on KLDT-E5WD.
57,57,97096,KLDT-O5WB,46.04209,KLDT-E5WE,0.0,First little particle seems to be coming from NPL 3B. Then lots of UFOs for several frames. Also seen from KLDT-E5WD starting at 46.17500.
58,58,97044,KLDT-O5WB,42.34682,KLDT-E5WE,42.408,"Splattering from IWGL followed by UFO's, seen also on KLDT-E5WD with Be filter. Be?"
59,59,97020,KLDT-O5WB,47.61125,KLDT-E5WE,50.008,"Frames:238-240, next to outer limiter 4D and 3B"
60,60,97018,KLDT-O5WB,47.9178,KLDT-E5WE,49.115,On outer limiter 4D
61,61,96955,KLDT-O5WB,47.51477,KLDT-E5WE,0.0,Small blue light in the vessel flying around
62,62,96954,KLDT-O5WB,47.23624,KLDT-E5WE,53.387,Blue light seen flying around the vessel and seen also on the WOPL probably Be
63,63,96951,KLDT-O5WB,48.7162,KLDT-E5WE,0.0,Some blue light seen near the UIWP
64,64,96939,KLDT-O5WB,48.85988,KLDT-E5WE,0.0,"UFOs probably coming from NPL 3B, but I could not see them in any other camera."
65,65,96896,KLDT-O5WB,49.573240000000006,KLDT-E5WE,0.0,UFO dropping from mushrooms
66,66,96893,KLDT-O5WB,42.172470000000004,KLDT-E5WE,0.0,Quite big UFO seen on T8
67,67,96834,KLDT-O5WB,46.08345,KLDT-E5WE,0.0,Unusual blue flash apparently on inboard.
68,68,96818,KLDT-O5WB,43.74,KLDT-E5WE,43.744,"Blue-ish shades and UFOs soon after, just before end of the pulse. Also seen on KLDT-E5WD."
69,69,96817,KLDT-O5WB,42.69,KLDT-E5WE,0.0,From outer wall.
70,70,96815,KLDT-O5WB,43.82,KLDT-E5WE,0.0,Impresssive UFOs until the end of the pulse.
71,71,96783,KLDT-O5WB,46.176,KLDT-E5WE,46.796,Pulse fails early due to particles probably Be from previous disruption. See also KL11-P1DB - lots of UFOs
72,72,96693,KLDT-O5WB,50.69865,KLDT-E5WE,0.0,"UFOs possibly from NB4, spectroscopy shows many impurities"
73,73,96532,KLDT-O5WB,40.84518,KLDT-E5WE,50.509,Very focused Berylium UFO coming from the outboard side.
74,74,96490,KLDT-O5WB,47.52,KLDT-E5WE,0.0,"UFOs throughout the pulse, mainly from outer wall, until the disruption."
75,75,96432,KLDT-O5WB,50.053999999999995,KLDT-E5WE,0.0,"Large UFO in main chamber, doesn't seem to affect the plasma at all."
76,76,96431,KLDT-O5WB,46.925,KLDT-E5WE,0.0,"Series of blue UFOs, look like from outer limiters."
77,77,96426,KLDT-O5WB,49.0696,KLDT-E5WE,0.0,UFO near NPL 2D. Also seen from KLDT-E5WD.
78,78,96425,KLDT-O5WB,47.72,KLDT-E5WE,0.0,"Ufos from octant 4 for 3 frames, more at 48.28 not sure from where. And another one at 49.24 which seems coming from NPL (Berillium, also seen on KLDT-E5WD). And another one at 52.77 which seems coming from NPL (Berillium, also seen on KLDT-E5WD). One more at 54.13."
79,79,96363,KLDT-O5WB,41.23,KLDT-E5WE,0.0,UFO (Be) comming from the upeer dump plates close to UIWP
80,80,96344,KLDT-O5WB,50.115990000000004,KLDT-E5WE,0.0,UFO's from wOPL
81,81,96343,KLDT-O5WB,50.60988,KLDT-E5WE,0.0,UFO from wOPL
82,82,96340,KLDT-O5WB,48.79809,KLDT-E5WE,50.032,UFO's from wOPL
83,83,96340,KLDT-O5WB,47.236290000000004,KLDT-E5WE,50.032,UFO's from wOPL (2 frames) seen also 47.4770 and by KLDT-E5WD
84,84,96340,KLDT-O5WB,46.79652,KLDT-E5WE,50.032,UFO on UDPT
85,85,96340,KLDT-O5WB,46.79652,KLDT-E5WE,50.032,UFo on nPL seen also at 47.71730 and also by KLDT-E5WD
86,86,96339,KLDT-O5WB,48.13579,KLDT-E5WE,0.0,UFO from UDPT
87,87,96339,KLDT-O5WB,47.21559,KLDT-E5WE,0.0,UFO from wOPL seen also at 47.81605 and 47.735 and seen also by KLDT-E5WD
88,88,96339,KLDT-O5WB,46.77531,KLDT-E5WE,0.0,UFO from ICRH seen also at 47.615 and 47.735 and seen also by KLDT- E5WD
89,89,96338,KLDT-O5WB,49.82488,KLDT-E5WE,0.0,UFO from nPL and repeated in 50.02503sec seen also by KLDT- E5WD
90,90,96338,KLDT-O5WB,48.4638,KLDT-E5WE,0.0,UFO from nPL seen also by KLDT-E5WD
91,91,96338,KLDT-O5WB,49.58467,KLDT-E5WE,0.0,UFO from wOPL
92,92,96338,KLDT-O5WB,47.50306,KLDT-E5WE,0.0,UFO from WOPL
93,93,96338,KLDT-O5WB,47.30292,KLDT-E5WE,0.0,UFO from ICRH B
94,94,96327,KLDT-O5WB,50.89604,KLDT-E5WE,0.0,Small UFO near 4D limiter
95,95,96289,KLDT-O5WB,46.83605,KLDT-E5WE,0.0,Green UFO lasting one frame. Berillium maybe?
96,96,96234,KLDT-O5WB,55.31827,KLDT-E5WE,56.535,Bright spot at top of machine.
97,97,96234,KLDT-O5WB,54.437490000000004,KLDT-E5WE,56.535,"Bright UFO from outer wall on Ops cam only. See also 54.83782s, 55.03806s"
98,98,96229,KLDT-O5WB,43.46468,KLDT-E5WE,0.0,Big cloud of UFOs on Ops cam
99,99,96225,KLDT-O5WB,43.016000000000005,KLDT-E5WE,0.0,Lots of UFOs at the end of the pulse. Lots of UFOS also seen on KLDT-E5WD.
100,100,96098,KLDT-O5WB,44.55,KLDT-E5WE,0.0,Small UFO at the bottom of Limiter 4B limiter. It does not seem to be Titanium.
101,101,96067,KLDT-O5WB,49.96967,KLDT-E5WE,50.986,Ti from pickup coil near UDPT
102,102,96045,KLDT-O5WB,44.21642,KLDT-E5WE,50.718,UFO falling from ceiling
103,103,96040,KLDT-O5WB,50.21958,KLDT-E5WE,50.846,UFO drops from ceiling. (2 frames)
104,104,96040,KLDT-O5WB,49.25874,KLDT-E5WE,50.846,UFO drops from ceiling. (1 frame)
105,105,96040,KLDT-O5WB,47.6575,KLDT-E5WE,50.846,UFO drops from ceiling. (2 frames)
106,106,96040,KLDT-O5WB,42.93349,KLDT-E5WE,50.846,UFO at midplane near WOPL (4 frames)
107,107,96039,KLDT-O5WB,50.98818,KLDT-E5WE,51.898,Various single frame UFOs. This one lasts a few frames
108,108,96039,KLDT-O5WB,48.826570000000004,KLDT-E5WE,51.898,Something falling from ceiling near lower hybrid
109,109,96021,KLDT-O5WB,49.06431,KLDT-E5WE,0.0,"A red UFO falls from the roof, ending in a white flash."
110,110,96017,KLDT-O5WB,49.98018,KLDT-E5WE,53.244,Flash mostly on one frame at top of machine. Visible on KLDT-O5WB at 49.946
111,111,96017,KLDT-O5WB,49.385940000000005,KLDT-E5WE,53.244,Numerous flashes visible on Ops cam over a long period.
112,112,96012,KLDT-O5WB,48.4448,KLDT-E5WE,57.265,Bright flash - also visible on BeII filter.
113,113,95945,KLDT-O5WB,52.77,KLDT-E5WE,0.0,Frame: 369. They can be seen near on the WOPL
114,114,95872,KLDT-O5WB,51.3261,KLDT-E5WE,0.0,"Again, some quite impressive purple UFOs at disruption (disruption eventually goes down). Also seen by KLDT-PWA, KLDT- E5WD and KLDT-E5WC."
115,115,95867,KLDT-O5WB,51.4672,KLDT-E5WE,0.0,Particularly fun purple UFO at view centre durin disruption. Also seen by KLDT-E5WC.
116,116,95716,KLDT-O5WB,45.12257,KLDT-E5WE,0.0,Small one.
117,117,95713,KLDT-O5WB,43.339,KLDT-E5WE,43.664,"UFO seen coming from the divertor in the bottom right part of the image, that corresponds to a increase on radiated light as SL says."
118,118,95660,KLDT-O5WB,48.61479,KLDT-E5WE,0.0,Oct8 NB UFO
119,119,95659,KLDT-O5WB,48.47402,KLDT-E5WE,0.0,"Huge UFO probably from Oct 4 NB, hitting the inner wall."
120,120,95659,KLDT-O5WB,48.47402,KLDT-E5WE,0.0,"Huge UFO probably from Oct 4 NB, hitting the inner wall."
121,121,95659,KLDT-O5WB,48.11373,KLDT-E5WE,0.0,UFO probably from Oct 4 NB
122,122,95633,KLDT-O5WB,47.17739,KLDT-E5WE,50.757,Blue flash
123,123,95572,KLDT-O5WB,50.75033,KLDT-E5WE,0.0,UFOs from outer wall fly into plasma in frames 318-320
124,124,95553,KLDT-O5WB,52.18827,KLDT-E5WE,65.073,Particles next to Lower Hybrid
125,125,95383,KLDT-O5WB,51.16754,KLDT-E5WE,0.0,Big UFO at 51.16754s and other smaller at 55.53117s
126,126,95380,KLDT-O5WB,50.78,KLDT-E5WE,54.431,"UFOs also at 50.902, 51.422, 51.545s"
127,127,95374,KLDT-O5WB,50.81901,KLDT-E5WE,51.164,
128,128,95206,KLDT-O5WB,52.07208,KLDT-E5WE,0.0,"Blue sparks on tile 1, no associated spectroscopy but could be Be"
129,129,94912,KLDT-O5WB,49.31033,KLDT-E5WE,55.152,
130,130,94911,KLDT-O5WB,51.08749,KLDT-E5WE,56.429,UFOs in upper part of vessel
131,131,94885,KLDT-O5WB,41.5562,KLDT-E5WE,65.388,Frame: 88-90 and 117. Seem to originate from Outer limiter
132,132,94796,KLDT-O5WB,46.05712,KLDT-E5WE,50.685,"Frame: 201. Related to the gass puffing. According to SL, nothing to worry about"
133,133,94794,KLDT-O5WB,46.63019,KLDT-E5WE,52.196,on the inner guard limiter. Identified by the KLDT-E5WD as Be
134,134,94637,KLDT-O5WB,47.457,KLDT-E5WE,0.0,"Large UFO near Oct 4 beam duct / wOPLs. Another big bright flash at
50.579. The plasma doesn't seem to notice either?"
135,135,94615,KLDT-O5WB,49.85,KLDT-E5WE,54.63,UFO at the outer limiter; not seen in the protection cameras
136,136,94547,KLDT-O5WB,44.41449,KLDT-E5WE,0.0,UFO coming from left for one frame
137,137,94422,KLDT-O5WB,48.913000000000004,KLDT-E5WE,52.095,Small UFOs in top left of frame
138,138,94292,KLDT-O5WB,,KLDT-E5WD,57.559,"PLasma interacting with ILA frame, Camera Frame: 61 @40.452s"
139,139,94292,KLDT-O5WB,,KLDT-E5WE,57.559,"PLasma interacting with ILA frame, Camera Frame: 61 @40.452s"
140,140,94292,KLDT-O5WB,,KLDT-E5WD,57.559,"PLasma interacting with ILA frame, Camera Frame: 61 @40.452s"
141,141,94292,KLDT-O5WB,,KLDT-E5WE,57.559,"PLasma interacting with ILA frame, Camera Frame: 61 @40.452s"
142,142,94232,KLDT-O5WB,,KLDT-E5WD,0.0,Ti from the top @ Frame: 103 and temperature peak (775C) on the ILA antenna @ Frame: 109
143,143,94232,KLDT-O5WB,,KLDT-E5WE,0.0,Ti from the top @ Frame: 103 and temperature peak (775C) on the ILA antenna @ Frame: 109
144,144,94212,KLDT-O5WB,,KLDT-E5WD,0.0,"Frame: 231, Time: 47.250s"
145,145,94212,KLDT-O5WB,,KLDT-E5WE,0.0,"Frame: 231, Time: 47.250s"
146,146,94211,KLDT-O5WB,,KLDT-E5WD,50.696,"Frame: 221, Time: 46.855s"
147,147,94211,KLDT-O5WB,,KLDT-E5WD,50.696,"Frame: 286, Time: 49.457, Ti falling from UDPT"
148,148,94209,KLDT-O5WB,,KLDT-E5WD,0.0,frame: 329; Time: 51.186s; Titanium influx confirmed by spectroscopy
149,149,94208,KLDT-O5WB,,KLDT-E5WD,52.347,"Frames: 277-281, Time: 49.149,
UFOs at the UDPT, possibly Ti?"
150,150,94207,KLDT-O5WB,,KLDT-E5WD,0.0,"Frame: 337-338, Time: 51.557,
UFOs flying near Outer limiter"
151,151,94206,KLDT-O5WB,,KLDT-E5WD,0.0,"Frame: 323, material falling from the top"
152,152,94161,KLDT-O5WB,48.41,KLDT-E5WE,51.545,Ti to the side of the upper dump plate. Could be KL10
153,153,94135,KLDT-O5WB,49.621,KLDT-E5WE,56.145,UFO at top of machine
154,154,94093,KLDT-O5WB,48.979,KLDT-E5WE,0.0,
155,155,94087,KLDT-O5WB,48.504,KLDT-E5WE,0.0,"UFOs mostly at the top near upper dump plates @ 48.50, 51.26, 51.30,
51.98, 52.42, 52.98s"
156,156,94086,KLDT-O5WB,50.71,KLDT-E5WE,0.0,"Nice UFO (also at 50.87, 51.03,
51.31, 52.23, 52.27s)"
157,157,93727,KLDT-O5WB,50.928000000000004,KLDT-E5WE,0.0,UFOs close to LH frame (Frames 322-324)
158,158,93710,KLDT-O5WB,49.711000000000006,KLDT-E5WE,0.0,Small UFO near the outboard midplane.
159,159,93531,KLDT-O5WB,45.727,KLDT-E5WE,0.0,UFO appears in frame 193.
160,160,93530,KLDT-O5WB,42.178000000000004,KLDT-E5WE,0.0,Small white smudge moves around for 3 frames
161,161,104549,KLDT-O5WB,41.1179,KLDT-E5WE,0.0,Blue UFO seen during the breakdown close to tile 10 also seen by protection camera KLDT- P5WA.
162,162,104464,KLDT-O5WB,41.78479,KLDT-E5WE,0.0,UFO spotted in frames 94 & 127
163,163,104460,KLDT-O5WB,48.527840000000005,KLDT-E5WE,49.873,Yellow UFO on the outboard side over few frames (no information on the spectroscopy about it).
164,164,104458,KLDT-O5WB,40.37591,KLDT-E5WC,48.748,Small UFO visible during the breakdown but also seen by KLDT- P5WA camera.
165,165,104458,KLDT-O5WB,40.37591,KLDT-E5WE,48.748,Small UFO visible during the breakdown but also seen by KLDT- P5WA camera.
166,166,104455,KLDT-O5WB,47.74825,KLDT-E5WE,51.592,UFOs appeared on UDPT (Ti).
167,167,104406,KLDT-O5WB,48.08302,KLDT-E5WE,0.0,"UFO's around reionisation plate and falling from UDPT for the majority of the pulse, as seen in previous session. Probably Ti."
168,168,104315,KLDT-O5WB,57.57825,KLDT-E5WE,67.027,Many Ti UFOs for half a second
169,169,104289,KLDT-O5WB,46.06,KLDT-E5WE,0.0,Multiple UFOs from upper dump plate 46-48s
170,170,104210,KLDT-O5WB,40.71585,KLDT-E5WE,0.0,"A lot of UFOs seen throughout pulse, which makes sense since it was a cleaning pulse"
171,171,104206,KLDT-O5WB,47.897290000000005,KLDT-E5WE,0.0,"Quite a few UFOs during disruption, possibly coming from the reionization plate"
172,172,104204,KLDT-O5WB,48.20646,KLDT-E5WE,0.0,Bright Titanium UFO seen falling into plasma - confirmed via spectroscopy
173,173,104201,KLDT-O5WB,42.4445,KLDT-E5WE,62.637,"Bright UFO near upper dump plate, which then explodes"
174,174,104195,KLDT-O5WB,50.01548,KLDT-E5WE,57.695,UFOS events on the lower field side extending from frames: #298 to #303 but the unusual one takes place at frame number #299
175,175,104172,KLDT-O5WB,40.23552,KLDT-E5WE,0.0,"Weird blue streak at 40.235s and several UFOs spotted b/w
51.9s-54.6s"
176,176,103982,KLDT-O5WB,49.7809,KLDT-E5WE,0.0,UFO appears near outer wall for single frame
177,177,103980,KLDT-O5WB,41.74925,KLDT-E5WE,62.462,Again we see a number of UFOs appear near divertor towards start of pulse and can be seen for a few frames
178,178,103979,KLDT-O5WB,42.034738,KLDT-E5WE,61.558,A number of UFOs appear towards start of pulse near divertor. Visible for a number of frames.
179,179,103966,KLDT-O5WB,42.29933,KLDT-E5WE,46.586,UFOs coming during the pulse from tile 7 very likely.
180,180,103966,KLDT-O5WB,44.867779999999996,KLDT-E5WE,46.586,Blue UFO visible on innerwall two frames.
181,181,103954,KLDT-O5WB,41.7598,KLDT-E5WE,51.312,UFO in divertor region
182,182,103952,KLDT-O5WB,42.02267,KLDT-E5WE,0.0,Several UFOs spotted b/w 41.7-42.6seconds
183,183,103941,KLDT-O5WB,43.47919,KLDT-E5WE,49.909,"UFO in UDPT region frame 136-141 (smaller one visible at frame
128-129). Really clear on KLDT- E5WD frames 353-361 and also on KLDT-P5WA frame 213."
184,184,103913,KLDT-O5WB,49.39117,KLDT-E5WE,50.989,"A blue UFO seen on WOPL and a few frames later other, as well a typical UFO appears on UDPT."
185,185,103912,KLDT-O5WB,48.437459999999994,KLDT-E5WE,49.034,Blue UFO appear on inner wall (?)
186,186,103906,KLDT-O5WB,48.47687,KLDT-E5WE,49.089,A typical UFO has appeared on UDPT.
187,187,103889,KLDT-O5WB,44.67246,KLDT-E5WE,0.0,Unusual UFO on the outer bottom for 2 frames.
188,188,103888,KLDT-O5WB,43.48447,KLDT-E5WE,0.0,splitting Ti UFO over 4 frames
189,189,103885,KLDT-O5WB,45.690059999999995,KLDT-E5WE,0.0,Interestingly shaped Ti UFO
190,190,103858,KLDT-O5WB,50.12231,KLDT-E5WE,57.775,UFO appeared on the WOPL and later few UFOs on UDPT (Ti).
191,191,103855,KLDT-O5WB,49.98858,KLDT-E5WE,57.283,A few UFOs (Ti-according to JETDSP) from time to time appeared on UDPT throughout the pulse.
192,192,103702,KLDT-O5WB,47.48,KLDT-E5WE,0.0,UFO impact on UDPT
193,193,103662,KLDT-O5WB,40.771370000000005,KLDT-E5WE,50.546,Large UFO at top of vessel near start of pulse
194,194,103660,KLDT-O5WB,46.282140000000005,KLDT-E5WE,50.856,"Moving flash above the outer divertor for 2 frames (maybe arc?), then another one in the same location at 46.48296."
195,195,103581,KLDT-O5WB,52.95,KLDT-E5WE,0.0,"Some blue (52.950s, 57.285s) and white (53.271s, 56.041s) UFOs appeared next to WOPL and ICRH (54.556s, 55.559s) during the pulse. According to JETDSP very likely beryllium and titanium events."
196,196,103573,KLDT-O5WB,52.796490000000006,KLDT-E5WE,0.0,"Muktiple UFO's frame368-371, 381, 390, 459 due to unsuccessful clean up pulse last session."
197,197,103571,KLDT-O5WB,48.13145,KLDT-E5WE,48.781,UFO falling from UDPT very likely Ti event seen also by KL1-O8WA camera.
198,198,103507,KLDT-O5WB,45.56106,KLDT-E5WE,0.0,Titanium UFO falls from top of vessel and causes disruption. Visible for several frames.
199,199,103434,KLDT-O5WB,50.17479,KLDT-E5WE,0.0,UFOs visible near upper dump plate
200,200,103404,KLDT-O5WB,52.44681,KLDT-E5WE,0.0,A number of small UFOs appear
201,201,103385,KLDT-O5WB,48.45628,KLDT-E5WE,0.0,A number of UFOs seen for a few frames
202,202,103379,KLDT-O5WB,48.01146,KLDT-E5WE,0.0,"Large number of UFOs from 48s to 49s, and some (but fewer) UFOs seen until around 52s."
203,203,103295,KLDT-O5WB,52.5617,KLDT-E5WE,57.623,UFT falls from UDPT. Also sen on KLDT-E5WD at frame 674-675.
204,204,103152,KLDT-O5WB,48.001509999999996,KLDT-E5WE,48.54,Large bright spot on UDPT. Frame 249.
205,205,103086,KLDT-O5WB,49.95994,KLDT-E5WE,50.638,"UFO at upper dump plate, one frame"
206,206,103055,KLDT-O5WB,44.57759,KLDT-E5WE,0.0,Two Simultaneous UFOs. One is blue and coming from the nPL so should be Be. The other is white and is consistent with the increase in the titanium trace.
207,207,103031,KLDT-O5WB,49.546890000000005,KLDT-E5WE,0.0,"Multiple events primarily appearing at the UDPT. Other instances were: 48.78454s, 49.26599s, 49.98848s,
50.14904s, 50.30963s, 51.63421s,
51.19639s, 53.36006s"
208,208,103021,KLDT-O5WB,50.14165,KLDT-E5WE,50.436,Large particle falling from the top of the vessel for 3 frames
209,209,102938,KLDT-O5WB,49.19364,KLDT-E5WE,0.0,Top location and the event spanned over 3 frames
210,210,102935,KLDT-O5WB,48.58036,KLDT-E5WE,0.0,Multiple UFO events until 55s.
211,211,102934,KLDT-O5WB,48.14976,KLDT-E5WE,0.0,"From 48.14976 to 53s, there are a number of UFOs located at the top. Confirmed to be Titanium."
212,212,102932,KLDT-O5WB,50.80014,KLDT-E5WE,63.059,"From 50.80014s to ~53.5s, anumber of UFOs are visible at the top. Confirmed by spectroscopist to be Titanium."
213,213,102931,KLDT-O5WB,49.5915,KLDT-E5WE,51.519,"Top, one frame, confirmed by spectroscopist to be Titanium."
214,214,102924,KLDT-O5WB,49.538000000000004,KLDT-E5WE,0.0,"Another Titanium (?) UFO from the top. A few frames later, a white band appears along the UPDT"
215,215,102923,KLDT-O5WB,53.337740000000004,KLDT-E5WE,63.07,"Large Titanium (?) UFO from the top, spanning two frames"
216,216,102815,KLDT-O5WB,48.2146,KLDT-E5WE,0.0,Strong signal on this and the following frame
217,217,102813,KLDT-O5WB,48.671009999999995,KLDT-E5WE,0.0,"3 bright spots in same location as previous pulse, still believed to be molybdenum"
218,218,102811,KLDT-O5WB,49.1998,KLDT-E5WE,0.0,"Titanium event falling from upper dumpplate, comfirmed with spectroscopist"
219,219,102540,KLDT-O5WB,42.02695,KLDT-E5WE,48.539,Lots of UFOs from the rain that fell after the previous pulse's disruption. Also seen by KLDT-E5TA and KL11s
220,220,102487,KLDT-O5WB,49.68985,KLDT-E5WE,50.988,"Large particles falling down from UDP and disintegrating, ~8 frames"
221,221,102397,KLDT-O5WB,48.58,KLDT-E5WE,53.409,UFOs in the divertor frames 263-272
222,222,102396,KLDT-O5WB,48.07,KLDT-E5WE,54.738,Single frame spark. Too much to say it's an UFO
223,223,101773,KLDT-O5WB,41.660059999999994,KLDT-E5WE,0.0,UFOs in deivertor just after x formation
224,224,101754,KLDT-O5WB,46.07,KLDT-E5WE,51.495,UFOs spotted after X formation on the upper divertor inner side.
225,225,101722,KLDT-O5WB,50.64995,KLDT-E5WE,0.0,Diffuse blue spot on outer wall. Also visible on KLDT-E5WD in frame 924.
226,226,101640,KLDT-O5WB,48.58887,KLDT-E5WE,0.0,Two ufos at 48.5 and 50
227,227,101528,KLDT-O5WB,44.404709999999994,KLDT-E5WE,0.0,Short lived UFO near the inner wall early in the pulse
228,228,101520,KLDT-O5WB,41.92327,KLDT-E5WE,0.0,UFO in divertor zone. Also small UFO at 42.72603
229,229,101493,KLDT-O5WB,48.989329999999995,KLDT-E5WE,0.0,"Bright green flash in front of ILA - probably arcing. Spectroscopy shows different signals around the time,notably nickel and chromium, although there is slight time difference - signals in spectroscopy appear at 48.91 s. KL1O8WA also sees this flash but at 48.93486, closer to where spectroscopy sees it. Is there a delay in KLDT-O5WB time vector?"
230,230,101489,KLDT-O5WB,40.52466,KLDT-E5WC,0.0,During the breakdown some UFOs coming from the limiter
231,231,101489,KLDT-O5WB,40.52466,KLDT-E5WE,0.0,During the breakdown some UFOs coming from the limiter
232,232,101472,KLDT-O5WB,42.08616,KLDT-E5WE,50.638,small UFOs spotted near the divertor. More seen at t=49.27204s
233,233,101458,KLDT-O5WB,41.767920000000004,KLDT-E5WE,0.0,Shower of blue UFOs for 5 frames (more if you look carefully). Not visible on KLDT-P5WA.
234,234,101427,KLDT-O5WB,50.34429,KLDT-E5WE,59.205,"UFOs flying near Tile 1, visible also on the camera KL11-P1DB"
235,235,101347,KLDT-O5WB,41.84728,KLDT-E5WE,56.419,UFO visible on Ops cam and KLDT- E5WD (frame 219) but not on KLDT- P5WA.
236,236,101222,KLDT-O5WB,42.0443,KLDT-E5WE,58.452,UFO in divertor area on Ops cam. Another one in the next frame.
237,237,100815,KLDT-O5WB,41.46025,KLDT-E5WE,0.0,Beautiful UFO on upper outer wall. (Fireworks throughout this pulse on this camera)
238,238,98791,KL1-O8WA,49.25,KL8-E8WA,53.091,Curving UFO from NBI8 (2 frames)
239,239,96347,KL1-O8WA,47.108000000000004,KL8-E8WA,0.0,Very large Ti UFO near the top around Octant 2. Aldo seen by KLDT-O5WB.
240,240,94098,KL1-O8WA,42.21,KL8-E8WA,0.0,"Not sure what this is. Starts at
42.210 and lasts for several frames"
241,241,94098,KL1-O8WA,40.17,KL7-E8WB,0.0,Starts at 40.170 for two frames (56-57)
242,242,94098,KL1-O8WA,40.17,KL8-E8WA,0.0,Starts at 40.170 for two frames (56-57)
243,243,98583,KL1-O8WA,53.94,KL7-E8WB,0.0,Something goes in near the top and explodes around the end of pulse. Ivor says he sees Alumina.
244,244,97835,KL1-O8WA,52.29,KL7-E8WB,51.499,Particles falling down
245,245,97501,KL1-O8WA,49.3,KL7-E8WB,49.054,"Very large number of raining UFOs after disruption starting around 49,3s"
246,246,96901,KL1-O8WA,64.8,KL7-E8WB,64.516,small UFO skirts lower outer wall after disruption
247,247,96878,KL1-O8WA,51.62,KL7-E8WB,50.952,Single blob falling from the top starting at this time.
248,248,96867,KL1-O8WA,49.72,KL7-E8WB,49.122,Small UFO from ILA grid middle part
249,249,96865,KL1-O8WA,51.3,KL7-E8WB,50.998,UFO from the upper part of the vessel between 51.3-51.39s
250,250,96860,KL1-O8WA,49.16,KL7-E8WB,49.065,UFOs soon after disruption probably from limiter 8B. Cloud finishes at 50.02
251,251,96857,KL1-O8WA,53.76,KL7-E8WB,53.484,UFO moving from the UDP (?) to the divertor. Not seen on the divertor.
252,252,96789,KL1-O8WA,41.54,KL7-E8WB,42.936,Huge amount of Be bits flying off the divertor - pulse does not survive long due to this.
253,253,96788,KL1-O8WA,50.12,KL7-E8WB,50.075,Huge cloud of UFOs coming from the outer wall (approx. WOPL 8D)
254,254,94515,KL1-O8WA,51.1,KL7-E8WB,51.047,Cloud of slow-moving particles expelled from the outer wall
255,255,90932,KL1-O8WA,59.765,KL7-E8WB,0.0,Dust events (frames 1292-1298)
256,256,89870,KL1-O8WA,50.628,KL7-E8WB,50.445,Various UFOs visible on KL7 after disruption.
257,257,103559,KL1-O8WA,50.22336,KL7-E8WB,50.551,"Bouncing UFO, also something visible on KL7-P8WA camera."
258,258,103127,KL1-O8WA,48.905,KL7-E8WB,0.0,"UFO/droplet spotted, dropping across four frames"
259,259,103063,KL1-O8WA,48.86963,KL7-E8WB,0.0,UFOs at 48.86963s & 48.99636s
260,260,103063,KL1-O8WA,48.86963,KL7-E8WB,0.0,UFOs at 48.86963s & 48.99636s
261,261,102608,KL1-O8WA,48.38537,KL7-E8WB,0.0,UFO falling over a few frames. Moves too fast for a falling droplet. Probably just dust/debris
262,262,101432,KL1-O8WA,51.699,KL8-E8WA,55.845,"Large flash from UFO, also visible on KL1-08WA"
263,263,101282,KL1-O8WA,63.87473000000001,KL7-E8WB,0.0,Large UFO falls from near upper inner sausages
264,264,99910,KLDT-O5WB,54.611999999999995,KLDT-E5WD,0.0,A lot of particles mOn the termination a lot of UFOs . E5WD seems to be the most sensitive camera showing many UFOs throughout the pulse.
265,265,99910,KLDT-O5WB,50.711999999999996,KLDT-E5WD,0.0,"A lot of particles seen coming from the beam duct area in the pulse.
E5WD seems to be the most sensitive camera showing many UFOs throughout the pulse."
266,266,99910,KLDT-O5WB,48.287,KLDT-E5WD,0.0,"A lot of particles seen coming from the beam duct area in the pulse.
E5WD seems to be the most sensitive camera showing many UFOs throughout the pulse."
267,267,99910,KLDT-O5WB,48.31399999999999,KLDT-E5WE,0.0,A lot of particles seen coming from the beam duct area in the pulse
268,268,99908,KLDT-O5WB,48.25,KLDT-E5WD,0.0,"Many small UFOs throughout most of pulse, staring around 48s and concentrated at the lower inner wall"
269,269,99904,KLDT-O5WB,57.475,KLDT-E5WD,57.317,Spectacular cloud of UFOs on inner wall during disruption
270,270,99902,KLDT-O5WB,55.0125,KLDT-E5WD,55.179,Multi frame UFO during disruption
271,271,99882,KLDT-O5WB,41.5,KLDT-E5WD,49.246,"Lengthy sequence of UFOs seen in Be @ 527 nm, lasting until 41.7625. Very unimpressive in Ops cam."
272,272,99874,KLDT-O5WB,42.1125,KLDT-E5WD,47.281,"Still quite a lot of UFOs in this pulse (here onwards), still MARFE and disruption."
273,273,99865,KLDT-O5WB,41.575,KLDT-E5WD,0.0,"Particles in the divertor for ~15 frames, followed by MARFE"
274,274,99817,KLDT-O5WB,52.9875,KLDT-E5WD,52.957,Frame: 1118-1129. Divertor region after disruption
275,275,99811,KLDT-O5WB,55.512,KLDT-E5WD,55.52,Frames: 1320-1347 (Inner side during the termination phase)
276,276,99802,KLDT-O5WB,47.4125,KLDT-E5WD,49.021,Very bright UFO. Note this camera has Be filter.
277,277,99802,KLDT-O5WB,48.0875,KLDT-E5WD,49.021,Very bright UFO falling vertically. Apparently the cause of radiation spike.
278,278,99797,KLDT-O5WB,51.863,KLDT-E5WC,51.72,A second UFO coming in from the left.
279,279,99797,KLDT-O5WB,51.806000000000004,KLDT-E5WC,51.72,UFO coming in from the left.
280,280,99778,KLDT-O5WB,53.3375,KLDT-E5WD,53.287,Lots UFOs during disruption flying around the vessel (also KLDT- E5WE).
281,281,99748,KLDT-O5WB,67.3,KLDT-E5WD,0.0,"Frames: 2263-2286. Termination phase, outer wall"
282,282,99746,KLDT-O5WB,69.8,KLDT-E5WD,0.0,"Frames: 2463-2478 Termination Phase, slightly larger sizes than in previous pulses. Outer wall."
283,283,99745,KLDT-O5WB,67.63,KLDT-E5WD,0.0,Frames: 2290-2316 in termination phase
284,284,99725,KLDT-O5WB,69.6,KLDT-E5WD,0.0,Lots of UFOs appear near limiter 4B during end of pulse.
285,285,99678,KLDT-O5WB,63.12,KLDT-E5WD,0.0,Many small UFOs through end of pulse
286,286,99676,KLDT-O5WB,69.74,KLDT-E5WD,0.0,The same UFOs seen from KLDT- E5WD. Hard to tell what they are from spectroscopy. concurrent with an O2 spike
287,287,99643,KLDT-O5WB,55.5,KLDT-E5WD,0.0,Clusters of UFOs in the termination phase. Frame 1319-1328
288,288,99639,KLDT-O5WB,54.1,KLDT-E5WD,0.0,Frames: 1211-1216
289,289,99629,KLDT-O5WB,55.79465,KLDT-E5WC,0.0,UFO is visible dropping from the upper out sausages for for about 30 frames before fragmenting at 55.81822s
290,290,99629,KLDT-O5WB,55.825,KLDT-E5WD,0.0,Many UFOs appear to come from above LH anetnna. Visible on O5WB
291,291,99608,KLDT-O5WB,52.92,KLDT-E5WD,52.896,Lots of UFOs during the disruption seen also by KLDT-E5WE
292,292,99607,KLDT-O5WB,52.96,KLDT-E5WD,52.946,"Lots of UFOs seen in the main chamber during disruption, seen also by KLDT-E5WE camera and very slightly by operational camera."
293,293,99599,KLDT-O5WB,41.45,KLDT-E5WD,0.0,"Continuous stream of UFOs above the divertor after the X-point formation until approximately 42.1 s, likely due to debris released by the disruption of the preceding pulse"
294,294,99567,KLDT-O5WB,64.875,KLDT-E5WD,0.0,UFO(s) in divertor
295,295,99543,KLDT-O5WB,47.2442,KLDT-E5WE,0.0,At the divertor
296,296,99542,KLDT-O5WB,52.1933,KLDT-E5WE,0.0,Small UFOs at the inner wall
297,297,99542,KLDT-O5WB,47.4083,KLDT-E5WE,0.0,Between 47.4083s to 47.9 small UFOs at the divertor
298,298,99516,KLDT-O5WB,42.2,KLDT-E5WD,0.0,"Spray over several frames. This is the same event as logged on the Ops Cam, but for some reason it appears 100 ms earlier."
299,299,99516,KLDT-O5WB,42.2,KLDT-E5WD,0.0,Spray over several frames.
300,300,99516,KLDT-O5WB,41.7375,KLDT-E5WD,0.0,UFO on frames 217-8. Not visible on Protection camera.
301,301,99513,KLDT-O5WB,50.8875,KLDT-E5WD,51.659,Something seems to drop at the top of the LH (but it is not seen in any other cam)
302,302,99457,KLDT-O5WB,49.4191,KLDT-E5WE,0.0,Cleaning pulse
303,303,99457,KLDT-O5WB,49.3446,KLDT-E5WE,0.0,Cleaning pulse
304,304,99457,KLDT-O5WB,49.11600000000001,KLDT-E5WE,0.0,Cleaning pulse
305,305,99422,KLDT-O5WB,41.7,KLDT-E5WD,52.332,"Strong UFO activity seen throughout the pulse with the Be II filter with two especially active spells during 41.7-43.6 s and
47.1-49.4 s"
306,306,99409,KLDT-O5WB,47.0,KLDT-E5WD,0.0,Less number of UFOs from the divertor and more mid-plane
307,307,99405,KLDT-O5WB,47.0,KLDT-E5WD,56.442,Still there.. Not really much difference with other pulses
308,308,99405,KLDT-O5WB,47.0,KLDT-E5WD,56.442,Still there.. Not really much difference with other pulses
309,309,99400,KLDT-O5WB,47.0,KLDT-E5WD,0.0,"Same as before, starting time has changed because the heating time starting time has changed"
310,310,99399,KLDT-O5WB,50.51,KLDT-E5WD,59.326,Starting from frame 920. Nothing found by DC Ivor
311,311,99398,KLDT-O5WB,50.51,KLDT-E5WD,59.177,Similar to previous pulse. Starting frame: 920
312,312,99397,KLDT-O5WB,50.51,KLDT-E5WD,58.559,"Lots of UFOs from potentially the inner strike point, DC did not find anything special. Frames:920-1151"
313,313,99390,KLDT-O5WB,59.424,KLDT-E5WC,59.298,Fast UFO shooting up
314,314,99378,KLDT-O5WB,59.44,KLDT-E5WC,0.0,2 UFO coming from the top. Visible also on KLDT-P5WA at 59.48s.
315,315,99367,KLDT-O5WB,40.068000000000005,KLDT-E5WE,0.0,"A couple of teeny UFOs from somewhere in the lower part of the machine, visible on fast camera."
316,316,99358,KLDT-O5WB,53.175,KLDT-E5WD,0.0,The same spot is very visible on the experimental cameras.
317,317,99351,KLDT-O5WB,51.9625,KLDT-E5WD,0.0,UFO from inner wall
318,318,99343,KLDT-O5WB,50.732,KLDT-E5WC,0.0,"UFo from top, possibly iron based on spectroscopy"
319,319,99341,KLDT-O5WB,47.675,KLDT-E5WC,0.0,ufo from divertor
320,320,99341,KLDT-O5WB,56.8375,KLDT-E5WC,0.0,ufo from divertor
321,321,99339,KLDT-O5WB,44.6875,KLDT-E5WD,0.0,UFOs coming from divertor
322,322,99331,KLDT-O5WB,41.46,KLDT-E5WD,0.0,Small UFOs on the divertor lasting several frames.
323,323,99226,KLDT-O5WB,57.468999999999994,KLDT-E5WE,0.0,A number of small blue and white glowing rats can be seen running along the railway tracks on the inboard side.
324,324,99205,KLDT-O5WB,48.76,KLDT-E5WD,48.945,UFOs.No clear from spettroscopy if this is berillium.
325,325,98786,KLDT-O5WB,57.453,KLDT-E5WC,57.531,2 consecutive UFOs coming from mushrooms area over 4D outer limiter until 57.547 secs.
326,326,98786,KLDT-O5WB,57.45,KLDT-E5WD,57.531,2 consecutive UFOs coming from mushrooms area over 4D outer limiter (9 frames).
327,327,98548,KLDT-O5WB,51.316,KLDT-E5WB,0.0,
328,328,98143,KLDT-O5WB,41.246,KLDT-E5WE,0.0,UFO from BEION during breakdown. Bright flash on visible cameras and breaks into multiple pieces.
329,329,97823,KLDT-O5WB,42.05,KLDT-E5WD,0.0,"Almost continuous stream of UFOs flying toroidally above the divertor for roughly 1.5 s, ending with a big one bouncing off from the outer divertor and splitting in several pieces at 43.46 s; last one also seen by KLDT-O5WB and faintly by KLDT-P5WA"
330,330,97767,KLDT-O5WB,42.45,KLDT-E5WD,0.0,"A large continuous fleet of UFOs seen flying toroidally above the divertor with the Be II filter, possibly arising from impact on top part of tile 1 which flashes before the UFOs appear (SL suspected deposition of loose dust after several disruptions of the day); also seen by KLDT-O5WB, KL11-P1DB
and KLDT-P5TB; another similarish shower of UFOs seen after 45.85 s;"
331,331,97717,KLDT-O5WB,47.18600000000001,KLDT-E5WC,0.0,The same UFO traveling from the right bottom to the outer divertor and then towards the inner wall from 47.18 to 47.28 secs (seeing on KLDT-O5WB at 47.292 secs)
332,332,97510,KLDT-O5WB,51.51,KLDT-E5WD,0.0,Several UFOs during the whole pulse. This one looks like on the NPL 3B
333,333,97501,KLDT-O5WB,49.3,KLDT-E5WC,49.054,"Very large number of raining UFOs after disruption starting around 49,3s"
334,334,97487,KLDT-O5WB,50.35,KLDT-E5WD,50.417,"A spot appears in experimental camera (Be II filter) near top of machine for two frames, about 60 ms before disruption."
335,335,97465,KLDT-O5WB,42.0,KLDT-E5WD,0.0,"UFOs from the inner divertor (probably departing from tile#3) @42, @42.7, @43.025, and @47.2625."
336,336,97412,KLDT-O5WB,40.9625,KLDT-E5WD,0.0,UFOs close to the inner wall. It lasts for several frames. Also less visible in KLDT-O5WD.
337,337,97409,KLDT-O5WB,44.6125,KLDT-E5WD,0.0,Small UFOs near RFB. It reappears @44.67.
338,338,97409,KLDT-O5WB,46.1125,KLDT-E5WD,0.0,Small UFOs near UDP. You can see it moving around.
339,339,97314,KLDT-O5WB,54.3625,KLDT-E5WD,0.0,They last several frames with scattering from the wall. Also seen on KLDT-O5WB @54.40
340,340,96985,KLDT-O5WB,58.1125,KLDT-E5WD,57.991,UFO shower for one frame during disruption
341,341,96984,KLDT-O5WB,58.2125,KLDT-E5WD,58.073,UFOs throughout vessel during disruption
342,342,96983,KLDT-O5WB,59.8125,KLDT-E5WD,0.0,Sparks seen during disruption on visible and IR cameras
343,343,96953,KLDT-O5WB,55.55,KLDT-E5WD,0.0,Lots of UFO's seen flying around the vessel at the end of the pulse
344,344,96944,KLDT-O5WB,54.47,KLDT-E5WD,0.0,Titanium
345,345,96939,KLDT-O5WB,49.3,KLDT-E5WD,0.0,Lots of UFOs around the divertor. Not seen on protection cameras.
346,346,96939,KLDT-O5WB,49.5873,KLDT-E5WE,0.0,Small UFOs. Also at 49.70080 (Wall) and at 49.75530 (Flying from divertor)
347,347,96902,KLDT-O5WB,56.935,KLDT-E5WC,56.326,two small ufos circling the vessel after disruption
348,348,96878,KLDT-O5WB,50.978,KLDT-E5WC,50.952,Single small blob seen falling from the top (play video from this time).
349,349,96865,KLDT-O5WB,51.3,KLDT-E5WC,50.998,UFO flying from the outer wall 51.3-51.32s
350,350,96860,KLDT-O5WB,49.25,KLDT-E5WC,49.065,"Little flying UFOs from the top (UDP, Sausages??). They last until
49.9 seconds."
351,351,96817,KLDT-O5WB,42.69,KLDT-E5WD,0.0,From outer wall. Probably Berillium.
352,352,96815,KLDT-O5WB,43.82,KLDT-E5WD,0.0,Impresssive UFOs until the end of the pulse.
353,353,96799,KLDT-O5WB,50.455,KLDT-E5WC,50.986,"Slow-moving UFO of unknown origin right in front of mirror box, BEFORE disruption."
354,354,96788,KLDT-O5WB,50.42,KLDT-E5WC,50.075,Still some UFOs from 4B but fewer than in 96782. UFOs also seen in KL7E8WB.
355,355,96782,KLDT-O5WB,50.07,KLDT-E5WC,50.073,Snow of UFOs (some of them very big) after the disruption
356,356,96777,KLDT-O5WB,47.0074,KLDT-E5WE,0.0,"Bits coming off limiter 4D again, also seen by op cam."
357,357,96559,KLDT-O5WB,41.7125,KLDT-E5WD,0.0,Lots of Be bits flying around early in the pulse.
358,358,96361,KLDT-O5WB,54.85,KLDT-E5WD,56.096,Apparently material coming out of the lower corner of ILA --> Be signal in spectroscopy observed as well
359,359,96341,KLDT-O5WB,48.941320000000005,KLDT-E5WD,0.0,Ufo from inner wall next to IWGL
360,360,96341,KLDT-O5WB,47.539640000000006,KLDT-E5WD,0.0,UFO from wOPL
361,361,96341,KLDT-O5WB,47.499629999999996,KLDT-E5WD,0.0,UFO just above ICRH
362,362,96341,KLDT-O5WB,46.97947,KLDT-E5WD,0.0,UFO from nPL
363,363,96225,KLDT-O5WB,43.125,KLDT-E5WD,0.0,Lots of UFOs at the end of the pulse. Lots of UFOS also seen on KLDT-O5WB.
364,364,96205,KLDT-O5WB,46.925,KLDT-E5WD,0.0,Lot of UFOs flying around the main chamber
365,365,96204,KLDT-O5WB,46.9375,KLDT-E5WD,0.0,Lot os UFOs in main chamber spinning around
366,366,96180,KLDT-O5WB,46.0375,KLDT-E5WD,46.825,"UFOs in the divertor region, seen also on KL11-P1DB."
367,367,96172,KLDT-O5WB,47.55,KLDT-E5WD,55.344,UFO
368,368,96000,KLDT-O5WB,51.71,KLDT-E5WD,51.671,Record NBI 31.4 MW. Disruption released a lot of parcticles from the divertor Tile 7
369,369,95495,KLDT-O5WB,58.95,KLDT-E5WD,58.941,Very large plume of Be particles from the inner wall during disruption.
370,370,95162,KLDT-O5WB,57.525,KLDT-E5WD,57.521,Same again - fireworks on both inner and outer wall in Be-II
371,371,95161,KLDT-O5WB,57.05,KLDT-E5WD,56.94,Spectacular views in experimental camera with Be-II filter. Nothing to be seen on protection cameras.
372,372,94913,KLDT-O5WB,56.388999999999996,KLDT-E5WC,0.0,A lot of UFOs!
373,373,94611,KLDT-O5WB,48.519,KLDT-E5WD,0.0,
374,374,94608,KLDT-O5WB,47.6673,KLDT-E5WD,47.656,Pedro was able to spot this (his credit)
375,375,94606,KLDT-O5WB,53.1616,KLDT-E5WD,0.0,
376,376,94606,KLDT-O5WB,50.3163,KLDT-E5WE,0.0,
377,377,93714,KLDT-O5WB,52.668,KLDT-E5WE,0.0,Series of UFOs possibly from outer limiters - largest one spectacularly explodes! Also seen on KLDT- O5WB.
378,378,93532,KLDT-O5WB,50.522,KLDT-E5WD,0.0,UFO also visible here
379,379,104513,KLDT-O5WB,42.7,KLDT-E5WD,0.0,Several UFO's observed over ~3 seconds at the start of the pulse. Not visible with the protection camera.
380,380,104314,KLDT-O5WB,41.044290000000004,KLDT-E5WE,0.0,Nifty UFO that splits into 3 parts.
381,381,103802,KLDT-O5WB,55.722,KLDT-E5WC,55.807,Ti UFO (over a few frames) that may have induced the disruption because the plasma was very close to the density limit.
382,382,103431,KLDT-O5WB,62.0625,KLDT-E5WD,62.045,UFOs at the inner wall guard limiter
383,383,103138,KLDT-O5WB,48.16142,KLDT-E5WC,0.0,Observed UFOS on the outer wall guard limiter and travelling towards the divertor region
384,384,103137,KLDT-O5WB,48.17309,KLDT-E5WC,0.0,"Starting 48.17309s UFOs are seen falling from the Upper Dump Plates, moving across the plasma from the outer wall gaurd limiter, also travelling around the inner wall guard limiter."
385,385,102980,KLDT-O5WB,62.35,KLDT-E5WD,0.0,UFOs towards end of pulse
386,386,102879,KLDT-O5WB,47.9852,KLDT-E5WE,47.985,UFOs seem to travel from limiters towards plasma at beginning of disruption
387,387,102784,KLDT-O5WB,48.48,KLDT-E5WD,61.103,UFO circulating above the divertor.
388,388,102709,KLDT-O5WB,50.67,KLDT-E5WD,0.0,Massive UFO cloud - most likely beryllium.
389,389,102539,KLDT-O5WB,48.6,KLDT-E5WC,48.541,"Lots of UFOs spanning half a second. Also seen by KLDT-E5TA. Not seen by KL7, suggesting a localization of this event to octant 4 and 5 at least."
390,390,102129,KLDT-O5WB,53.775,KLDT-E5WD,53.632,Still some dust flying around with the end of the pulse.
391,391,102074,KLDT-O5WB,46.449,KLDT-E5WD,0.0,UFOS circling on top of the divertor
392,392,102068,KLDT-O5WB,48.23,KLDT-E5WD,0.0,UFOs appear to be produced at the NPL in between the Antenna B and the LH
393,393,101897,KLDT-O5WB,57.15,KLDT-E5WD,0.0,"UFOs seen in the divertor zone -few frames, also seen some UFOs by KL11-P1DB more or less in the same time"
394,394,101894,KLDT-O5WB,49.8125,KLDT-E5WD,0.0,UFOs flying in the divertor zone (several frames)
395,395,101892,KLDT-O5WB,47.375,KLDT-E5WD,0.0,UFO seen on tile 3/4 one frame and then around 53.3875s UFO seen on tile 0/1 one frame
396,396,101775,KLDT-O5WB,41.7,KLDT-E5WD,49.805,UFO from inner divertor/wall
397,397,101481,KLDT-O5WB,66.27600000000001,KLDT-E5WC,0.0,Shower of UFOs from limiter 4D again.
398,398,101479,KLDT-O5WB,66.035,KLDT-E5WC,0.0,Significant UFO shower from limiter 4D at end of pulse. EiC observed.
399,399,101473,KLDT-O5WB,66.1375,KLDT-E5WD,0.0,Several UFOs near the upper poloidal limiters. Also seen with KLDT-O5WB from t=66.2993s
400,400,101433,KLDT-O5WB,56.2625,KLDT-E5WD,56.403,Multiple small UFOs in the seconds before disruption. Continues until 56.425
401,401,101135,KLDT-O5WB,50.2875,KLDT-E5WD,0.0,UFOs in divertor zone visible on BeII filter
402,402,100961,KLDT-O5WB,64.325,KLDT-E5WD,0.0,Spectacular UFO in BeII light.
403,403,100894,KLDT-O5WB,53.8,KLDT-E5WD,0.0,"Series of bright Be UFOs from outboard side during heating in this pulse, mainly between 54 - 56s."
404,404,100861,KLDT-O5WB,50.05,KLDT-E5WD,0.0,Beautiful little beryllium UFO on the inner wall over several frames. Just visible on Ops Cam if you look closely.
405,405,100745,KLDT-O5WB,41.2625,KLDT-E5WD,0.0,UFO near top of vessel
406,406,100745,KLDT-O5WB,42.458999999999996,KLDT-E5WC,0.0,UFO near IWGL 4Z. Not visible on other cameras
407,407,100647,KLDT-O5WB,54.09,KLDT-E5WE,0.0,"Bright UFO, maybe from inner wall? Also visibe on KLDT-O5WB."
408,408,100476,KLDT-O5WB,57.7,KLDT-E5WD,0.0,Small divertor UFO
409,409,100416,KLDT-O5WB,41.288000000000004,KLDT-E5WE,0.0,A little rat runs along the divertor. Visible as a streak in KLDT-O5WB at 41.34881.
410,410,100416,KLDT-O5WB,41.086000000000006,KLDT-E5WE,0.0,Tiny UFO appears for several ms.
411,411,100246,KLDT-O5WB,50.172,KLDT-E5WC,0.0,UFO from out wall visible on both mirrors for ~30 frames
412,412,100225,KLDT-O5WB,64.5677,KLDT-E5WD,64.142,UFOs visible at end of pulse. Following these UFOs and inner limiter heating the SL lowered the DMV threshold.
413,413,100210,KLDT-O5WB,54.1625,KLDT-E5WD,54.218,Stereographic UFO from IWGL during disruption
414,414,100208,KLDT-O5WB,52.5875,KLDT-E5WD,52.75,UFOs from IWGL during disruption. Seem to come from section which breifly exceeded MCHS and panic limit. SL to reduce DMV voltage for following pulse.
415,415,100186,KLDT-O5WB,57.583,KLDT-E5WC,0.0,Stereographic UFO view after rough landing.
416,416,100130,KLDT-O5WB,53.8851,KLDT-E5WD,53.925,cloud of UFOs seeming to come from outer limiters during floppy end of pulse
417,417,100125,KLDT-O5WB,47.211999999999996,KLDT-E5WE,0.0,UFO seems to break off the outer limiter and fall into the machine.
418,418,100103,KLDT-O5WB,55.6,KLDT-E5WD,55.478,Frame:829
